City,Country,Lat,Lng,Max Temp,Humidity,Cloudiness,Wind Speed,Current Description
Cape Town,ZA,-33.93,18.42,61.0,87,86,8.05,overcast clouds
Bredasdorp,ZA,-34.53,20.04,57.2,93,93,3.36,overcast clouds
Rikitea,PF,-23.12,-134.97,74.62,81,100,20.31,light rain
Mengcheng,CN,33.26,116.57,69.53,32,71,2.24,broken clouds
Kahului,US,20.89,-156.47,84.2,62,1,5.82,clear sky
Port Blair,IN,11.67,92.75,82.76,81,99,18.86,moderate rain
Biak,ID,-0.91,122.88,83.62,67,100,6.64,light rain
Derazhnya,UA,49.27,27.43,43.39,87,99,12.95,light rain
Punta Arenas,CL,-53.15,-70.92,37.0,79,75,28.86,broken clouds
Kapaa,US,22.08,-159.32,78.8,83,40,10.29,scattered clouds
Rockhampton,AU,-23.38,150.5,93.2,28,40,3.36,scattered clouds
Nikolskoye,RU,59.7,30.79,35.6,87,90,6.71,overcast clouds
Clyde River,CA,70.47,-68.59,32.0,97,90,26.4,mist
Ushuaia,AR,-54.8,-68.3,35.6,69,40,12.75,scattered clouds
Comodoro Rivadavia,AR,-45.87,-67.5,46.4,39,2,32.21,clear sky
Qaanaaq,GL,77.48,-69.36,24.22,86,30,5.97,scattered clouds
Lufilufi,WS,-13.87,-171.6,86.0,70,75,3.36,broken clouds
Lebu,CL,-37.62,-73.65,47.46,85,31,1.88,scattered clouds
Yellowknife,CA,62.46,-114.35,23.0,92,90,4.7,light snow
Lompoc,US,34.64,-120.46,57.2,93,90,5.82,overcast clouds
Pevek,RU,69.7,170.31,26.15,94,12,16.6,few clouds
Cayenne,GF,4.93,-52.33,75.2,100,0,2.24,clear sky
La Orilla,MX,17.98,-102.23,78.53,90,100,3.69,overcast clouds
Dunedin,NZ,-45.87,170.5,52.0,86,100,1.99,overcast clouds
Grand Gaube,MU,-20.01,57.66,79.0,63,0,7.0,clear sky
Albany,US,42.6,-73.97,52.0,67,71,6.06,broken clouds
Bafq,IR,31.61,55.41,66.56,17,0,2.26,clear sky
Thompson,CA,55.74,-97.86,23.0,100,75,4.7,broken clouds
Mataura,NZ,-46.19,168.86,54.0,74,99,11.99,overcast clouds
Prince Rupert,CA,54.32,-130.32,42.8,100,90,5.82,mist
Labuhan,ID,-6.88,112.21,80.65,80,100,14.47,light rain
Karabulak,RU,43.3,44.9,41.0,86,16,4.47,few clouds
Thinadhoo,MV,0.53,72.93,83.01,77,66,14.85,broken clouds
Kuragino,RU,53.9,92.67,36.57,74,96,16.06,overcast clouds
Lorengau,PG,-2.02,147.27,83.62,75,86,4.79,moderate rain
Geraldton,AU,-28.77,114.6,73.4,60,90,12.75,overcast clouds
Vigrestad,NO,58.57,5.7,37.4,86,75,4.7,light rain
Tasiilaq,GL,65.61,-37.64,33.8,80,99,1.12,overcast clouds
Ocos,GT,14.51,-92.19,68.0,97,99,2.77,overcast clouds
Butaritari,KI,3.07,172.79,82.02,72,47,15.46,scattered clouds
Isangel,VU,-19.55,169.27,82.4,65,75,11.99,broken clouds
Xiuyan,CN,40.29,123.27,66.34,42,0,8.72,clear sky
Bajil,YE,15.06,43.29,85.15,57,0,2.13,clear sky
Bethel,US,41.37,-73.41,46.99,94,61,3.53,broken clouds
Coquimbo,CL,-29.95,-71.34,51.8,87,0,5.82,clear sky
Hasaki,JP,35.73,140.83,63.0,77,90,8.05,overcast clouds
Upernavik,GL,72.79,-56.15,35.49,79,100,5.35,overcast clouds
Souillac,MU,-20.52,57.52,77.0,69,40,10.29,scattered clouds
Yerbogachen,RU,61.28,108.01,30.81,89,71,15.19,broken clouds
Phalaborwa,ZA,-23.94,31.14,69.8,83,4,10.29,clear sky
Ixtapa,MX,20.7,-105.2,82.4,88,40,1.81,scattered clouds
Busselton,AU,-33.65,115.33,81.0,33,8,9.62,clear sky
Bengkulu,ID,-3.8,102.27,83.97,67,62,6.22,broken clouds
Saldanha,ZA,-33.01,17.94,48.2,93,79,1.12,broken clouds
Mogadishu,SO,2.04,45.34,78.8,74,75,12.75,broken clouds
Sungaipenuh,ID,-2.08,101.38,79.68,63,60,2.73,broken clouds
Bluff,NZ,-46.6,168.33,54.0,74,93,11.99,overcast clouds
Darhan,MN,49.49,105.92,48.6,45,100,3.11,overcast clouds
Touros,BR,-5.2,-35.46,75.2,83,40,5.82,scattered clouds
Vaini,TO,-21.2,-175.2,73.4,78,75,10.29,broken clouds
New Norfolk,AU,-42.78,147.06,63.0,64,96,3.0,overcast clouds
Porbandar,IN,21.64,69.61,84.2,79,20,6.2,few clouds
Yinchuan,CN,38.47,106.27,60.73,29,0,6.96,clear sky
Svetlogorsk,BY,52.63,29.73,36.55,88,74,8.52,broken clouds
Uray,RU,60.12,64.78,35.15,97,100,8.57,overcast clouds
Parrita,CR,9.52,-84.32,68.0,100,20,3.36,few clouds
Sakakah,SA,29.97,40.21,62.6,18,0,4.14,clear sky
Garhi Khairo,PK,28.06,67.98,92.07,8,0,9.78,clear sky
Te Anau,NZ,-45.42,167.72,47.5,84,95,1.86,overcast clouds
Jamestown,US,42.1,-79.24,54.0,62,90,9.17,overcast clouds
Helsingborg,SE,56.05,12.69,39.0,92,86,11.61,mist
Tailai,CN,46.38,123.4,59.38,34,0,5.28,clear sky
Alexandria,EG,31.22,29.96,69.8,94,3,5.3,clear sky
Diego De Almagro,CL,-26.37,-70.05,52.56,63,0,0.25,clear sky
Barrow,US,71.29,-156.79,21.2,85,90,14.99,overcast clouds
Westport,US,41.14,-73.36,57.0,71,1,8.05,clear sky
Bambous Virieux,MU,-20.34,57.76,79.0,69,40,10.29,scattered clouds
Belaya Gora,RU,68.53,146.42,20.25,98,94,5.77,overcast clouds
Coahuayana,MX,18.73,-103.68,79.65,89,100,1.39,overcast clouds
Durango,MX,24.83,-104.83,57.27,47,2,1.25,clear sky
Norman Wells,CA,65.28,-126.83,5.0,92,5,2.24,clear sky
La Union,PE,-5.4,-80.75,66.07,76,90,8.05,overcast clouds
Udachnyy,RU,66.42,112.4,15.8,92,90,6.71,light snow
Saint-Pierre,RE,-21.34,55.48,79.0,69,75,13.87,broken clouds
Arraial Do Cabo,BR,-22.97,-42.03,71.11,80,99,20.96,overcast clouds
Nhulunbuy,AU,-12.23,136.77,87.8,55,20,9.17,few clouds
Wana,PK,32.3,69.57,70.39,17,0,3.8,clear sky
Praia Da Vitoria,PT,38.73,-27.07,57.2,93,75,15.14,light intensity shower rain
Madang,PG,-5.22,145.8,83.91,72,52,9.35,broken clouds
Mehamn,NO,71.04,27.85,28.4,92,90,3.36,overcast clouds
Klaksvik,FO,62.23,-6.59,41.0,86,100,13.87,light rain
Hambantota,LK,6.12,81.12,86.0,70,40,11.41,scattered clouds
Vardo,NO,70.37,31.11,28.4,79,20,11.41,few clouds
Izhma,RU,65.01,53.91,30.2,97,100,6.91,overcast clouds
Taybad,IR,34.74,60.78,66.6,24,0,14.7,clear sky
Esperance,AU,-33.87,121.9,71.6,60,75,8.05,broken clouds
Yuzhnyy,RU,53.25,83.69,32.0,76,44,11.18,scattered clouds
Batagay-Alyta,RU,67.8,130.41,17.24,88,98,3.02,overcast clouds
Lake Havasu City,US,34.48,-114.32,84.2,11,40,4.7,scattered clouds
Hamilton,US,39.18,-84.53,55.99,87,90,3.36,moderate rain
Atuona,PF,-9.8,-139.03,78.31,76,1,19.77,clear sky
Lata,PT,40.16,-8.33,63.0,72,39,9.17,scattered clouds
Kruisfontein,ZA,-34.0,24.73,58.26,77,100,3.98,overcast clouds
Severo-Kurilsk,RU,50.68,156.12,49.03,80,53,10.67,light rain
Tornio,FI,65.85,24.15,33.8,90,90,13.87,light rain
Mahebourg,MU,-20.41,57.7,77.0,69,40,10.29,scattered clouds
Puerto Ayora,EC,-0.74,-90.35,70.0,90,99,8.01,overcast clouds
Sao Filipe,CV,14.9,-24.5,79.86,80,91,1.68,overcast clouds
Nokha,IN,27.6,73.42,91.45,15,2,11.52,clear sky
Zhangjiakou,CN,40.81,114.88,58.95,32,0,4.43,clear sky
Lethem,GY,3.38,-59.8,78.03,73,13,7.94,few clouds
Harper,LR,4.38,-7.72,76.06,90,92,7.05,moderate rain
Ponta Do Sol,PT,32.67,-17.1,73.4,83,75,34.45,broken clouds
Constitucion,CL,-35.33,-72.42,48.16,72,0,8.55,clear sky
Bathsheba,BB,13.22,-59.52,77.0,88,20,4.7,few clouds
Alibag,IN,18.64,72.88,84.2,83,75,3.36,haze
Kargasok,RU,59.06,80.86,33.3,87,90,12.26,overcast clouds
Hobart,AU,-42.88,147.33,63.0,66,75,11.41,broken clouds
Ahipara,NZ,-35.17,173.17,62.6,76,50,10.78,scattered clouds
Bay Village,US,41.48,-81.92,53.01,81,90,4.7,overcast clouds
Katsuura,JP,35.13,140.3,64.4,55,75,8.05,broken clouds
Skagen,DK,57.72,10.58,44.01,79,100,3.0,overcast clouds
Castro,BR,-24.79,-50.01,58.08,94,79,8.1,broken clouds
Avarua,CK,-21.21,-159.78,77.0,78,46,5.82,scattered clouds
Berlevag,NO,70.86,29.09,28.4,92,90,3.36,overcast clouds
Vostok,RU,46.49,135.88,40.95,63,0,9.53,clear sky
Meulaboh,ID,4.14,96.13,87.37,57,70,3.89,broken clouds
Markova,UA,48.68,24.41,37.0,86,63,5.23,broken clouds
San Angelo,US,31.46,-100.44,57.0,69,0,4.0,clear sky
Gushi,CN,34.64,109.58,70.14,34,0,3.51,clear sky
Kavieng,PG,-2.57,150.8,85.66,62,53,5.61,broken clouds
Itaituba,BR,-4.28,-55.98,76.14,71,83,0.16,broken clouds
Uberaba,BR,-19.75,-47.93,69.73,81,95,12.82,overcast clouds
La Ronge,CA,55.1,-105.28,24.8,79,90,2.24,light snow
Vidim,RU,56.41,103.11,31.73,91,100,12.46,overcast clouds
Goderich,CA,43.75,-81.72,46.99,86,100,10.27,overcast clouds
Kurchum,KZ,48.57,83.65,42.04,55,0,12.95,clear sky
Sinnamary,GF,5.38,-52.95,79.45,83,1,9.42,clear sky
Dingle,PH,11.0,122.67,84.94,77,99,8.81,light rain
Sistranda,NO,63.73,8.83,41.0,86,75,14.99,shower rain
Erzin,TR,36.96,36.2,71.01,87,0,1.01,clear sky
Velikooktyabrskiy,RU,57.43,33.82,36.1,84,100,10.78,overcast clouds
Chokurdakh,RU,70.63,147.92,18.7,98,90,6.64,overcast clouds
Grindavik,IS,63.84,-22.43,41.0,75,0,18.34,clear sky
Port Elizabeth,ZA,-33.92,25.57,53.6,93,90,2.24,overcast clouds
Pontianak,ID,-0.03,109.33,89.85,56,59,4.92,broken clouds
Hlotse,LS,-28.87,28.05,69.71,24,0,3.8,clear sky
Santa Maria,BR,-29.68,-53.81,64.56,71,0,4.59,clear sky
Port Alfred,ZA,-33.59,26.89,63.48,78,76,5.86,broken clouds
Hilo,US,19.73,-155.09,77.0,78,90,4.7,overcast clouds
Ibra,OM,22.69,58.53,89.08,11,0,11.83,clear sky
Griffith,US,41.53,-87.42,39.99,100,1,5.95,clear sky
Iqaluit,CA,63.75,-68.51,32.0,93,20,24.16,few clouds
Carnarvon,AU,-24.87,113.63,75.2,64,50,18.34,scattered clouds
Hithadhoo,MV,-0.6,73.08,83.28,75,74,14.32,broken clouds
Sitka,US,57.05,-135.33,39.2,86,75,4.7,broken clouds
Chilca,PE,-12.52,-76.74,62.6,82,27,10.29,scattered clouds
Fort Nelson,CA,58.81,-122.7,19.4,67,20,2.8,few clouds
Bethanien,NA,-26.5,17.16,70.43,22,0,1.5,clear sky
Dikson,RU,73.51,80.55,25.48,96,26,27.69,scattered clouds
Rio Cuarto,AR,-33.13,-64.35,74.32,65,0,11.77,clear sky
Ust-Kuyga,RU,70.02,135.6,20.3,96,100,7.11,overcast clouds
Desbiens,CA,48.42,-71.95,50.0,53,90,8.05,overcast clouds
Landau,DE,49.21,8.11,48.0,90,100,1.01,overcast clouds
Nantucket,US,41.28,-70.1,55.0,70,1,5.82,clear sky
Fremont,US,37.55,-121.99,66.99,63,1,1.01,clear sky
Abalak,RU,58.13,68.59,34.68,86,100,10.13,overcast clouds
Chapada Dos Guimaraes,BR,-15.46,-55.75,77.0,78,75,11.41,moderate rain
Haines Junction,CA,60.75,-137.51,23.61,82,100,0.94,overcast clouds
Axim,GH,4.87,-2.24,76.95,87,61,5.61,broken clouds
Husavik,IS,66.04,-17.34,39.2,69,90,6.93,overcast clouds
Hokitika,NZ,-42.72,170.97,55.54,87,99,20.04,light rain
Shaunavon,CA,49.65,-108.42,9.41,90,4,1.14,clear sky
Paducah,US,37.08,-88.6,59.0,93,90,6.93,mist
Fairbanks,US,64.84,-147.72,19.4,67,90,2.42,overcast clouds
Banjarmasin,ID,-3.32,114.59,80.6,83,40,6.93,scattered clouds
Ribeira Grande,PT,38.52,-28.7,62.82,72,9,19.6,light rain
Lagoa Santa,BR,-19.63,-43.89,64.4,82,75,10.29,broken clouds
Liverpool,GB,53.41,-2.98,48.99,87,98,8.05,overcast clouds
Upington,ZA,-28.45,21.26,62.6,17,0,5.82,clear sky
Aksarka,RU,66.56,67.8,19.13,96,6,6.11,clear sky
Debre Birhan,ET,9.68,39.53,52.93,63,0,5.23,clear sky
Hermanus,ZA,-34.42,19.23,55.99,89,83,1.86,broken clouds
Victoria,HK,22.29,114.16,80.01,64,10,1.99,clear sky
Alice Springs,AU,-23.7,133.88,73.4,60,75,11.41,light intensity drizzle
Kwinana,AU,-32.25,115.77,82.99,36,0,8.05,clear sky
Kloulklubed,PW,7.04,134.26,78.8,88,90,17.22,light intensity shower rain
Umm Lajj,SA,25.02,37.27,89.49,31,0,1.68,clear sky
Olga,RU,43.74,135.29,56.35,38,0,5.32,clear sky
Cabo San Lucas,MX,22.89,-109.91,82.0,83,2,1.01,clear sky
Qui Nhon,VN,13.77,109.23,81.99,80,100,4.29,moderate rain
Cabatuan,PH,10.88,122.49,85.23,76,97,10.09,moderate rain
Port Hedland,AU,-20.32,118.57,87.8,43,0,20.8,clear sky
Novopokrovka,UA,49.84,36.55,37.4,86,75,4.47,broken clouds
Rio Grande,BR,-32.03,-52.1,64.99,95,0,9.44,light rain
Methoni,GR,36.82,21.7,61.0,87,11,8.61,few clouds
Hanko,FI,59.83,22.95,36.0,87,100,15.99,light rain
Evensk,RU,61.95,159.23,37.8,91,100,6.78,light rain
Narsaq,GL,60.92,-46.05,41.0,80,98,6.93,light intensity shower rain
Tiksi,RU,71.69,128.87,16.38,94,96,19.26,overcast clouds
Conceicao Da Barra,BR,-18.59,-39.73,71.4,78,99,5.68,overcast clouds
Georgetown,MY,5.41,100.34,87.8,70,20,3.36,light rain
Tuktoyaktuk,CA,69.45,-133.04,14.0,92,40,4.7,scattered clouds
Torbay,CA,47.67,-52.73,53.01,100,90,2.24,mist
Mpika,ZM,-11.83,31.45,68.7,56,0,8.37,clear sky
Chuy,UY,-33.7,-53.46,61.39,92,0,6.69,clear sky
Neyshabur,IR,36.21,58.8,59.86,25,0,1.77,clear sky
Mar Del Plata,AR,-38.0,-57.56,68.0,88,90,8.05,heavy intensity rain
Kyakhta,RU,50.35,106.45,45.61,53,100,4.12,overcast clouds
Mangrol,IN,21.12,70.12,85.69,68,70,6.82,broken clouds
San Vicente,AR,-26.62,-54.13,64.13,69,0,2.24,clear sky
Cockburn Town,TC,21.46,-71.14,82.09,74,99,13.24,overcast clouds
Yantzaza,EC,-3.83,-78.76,64.54,84,75,1.41,broken clouds
Vaitape,PF,-16.52,-151.75,80.35,80,73,12.28,broken clouds
Turbat,PK,26.0,63.04,87.08,11,0,23.24,clear sky
Port Hardy,CA,50.7,-127.42,50.0,100,90,2.24,light rain
Banda Aceh,ID,5.56,95.32,89.19,54,53,10.87,light rain
East London,ZA,-33.02,27.91,59.0,82,40,4.7,scattered clouds
Knysna,ZA,-34.04,23.05,51.8,100,100,4.7,overcast clouds
Aranjuez,ES,40.03,-3.6,55.0,66,27,4.7,scattered clouds
Matara,LK,5.95,80.54,85.95,64,84,13.27,light rain
Shache,CN,38.42,77.24,67.08,23,0,6.4,clear sky
Aklavik,CA,68.22,-135.01,6.8,77,20,2.24,few clouds
Quatre Cocos,MU,-20.21,57.76,79.0,69,40,10.29,scattered clouds
Krasnyy Chikoy,RU,50.36,108.75,49.26,47,95,0.98,overcast clouds
Katangli,RU,51.71,143.23,35.58,71,46,15.59,scattered clouds
Bandarbeyla,SO,9.49,50.81,81.66,64,0,2.55,clear sky
Monrovia,LR,6.3,-10.8,76.32,88,100,3.11,light rain
Marathon,US,44.9,-89.77,28.4,68,1,5.82,clear sky
Talaya,RU,61.38,152.75,28.69,93,94,9.93,overcast clouds
Tromso,NO,69.65,18.96,26.6,92,20,11.41,few clouds
Nelson Bay,AU,-32.72,152.15,66.99,72,75,12.75,shower rain
Itarema,BR,-2.92,-39.92,79.86,78,38,16.26,scattered clouds
Faanui,PF,-16.48,-151.75,79.54,81,75,12.15,broken clouds
Thomaston,US,32.89,-84.33,60.8,82,1,6.93,clear sky
Rawson,AR,-43.3,-65.1,55.89,37,0,25.28,clear sky
Kenai,US,60.55,-151.26,35.01,86,90,6.93,overcast clouds
Palmer,US,42.16,-72.33,44.01,93,1,3.53,clear sky
Saint-Philippe,RE,-21.36,55.77,79.0,69,75,13.87,broken clouds
Khatanga,RU,71.97,102.5,10.54,91,2,7.72,clear sky
Shirgaon,IN,19.7,72.7,82.4,83,75,4.7,haze
Kanashevo,RU,55.22,62.06,41.0,56,20,17.9,few clouds
Todos Santos,MX,23.45,-110.22,80.01,84,2,1.01,clear sky
Samarai,PG,-10.62,150.67,81.97,80,70,10.96,broken clouds
Nicoya,CR,10.15,-85.45,74.93,92,100,1.21,overcast clouds
Pisco,PE,-13.7,-76.22,62.6,77,0,6.93,clear sky
Scarborough,GB,54.28,-0.4,48.0,90,71,1.01,broken clouds
Grand Forks,US,47.94,-97.43,30.2,50,90,5.82,overcast clouds
Mariinsk,RU,56.21,87.75,33.51,85,98,15.21,overcast clouds
Bay-Khaak,RU,51.17,94.5,31.98,80,100,11.41,overcast clouds
Asau,RO,46.43,26.4,46.4,100,41,2.24,scattered clouds
Puerto Escondido,MX,15.85,-97.07,78.8,74,40,5.82,scattered clouds
Middelburg,ZA,-25.78,29.46,74.52,35,15,6.62,few clouds
Haverfordwest,GB,51.8,-4.97,50.0,93,98,9.17,overcast clouds
Khrebtovaya,RU,56.7,104.25,29.44,93,100,11.65,overcast clouds
Chapais,CA,49.78,-74.85,42.8,81,90,16.11,light rain
Kaitangata,NZ,-46.28,169.85,52.0,86,100,7.47,overcast clouds
Coslada,ES,40.42,-3.56,52.0,81,46,3.36,scattered clouds
Marquette,US,46.53,-87.63,30.0,75,4,7.0,clear sky
Rafraf,TN,37.19,10.18,59.0,77,20,3.36,few clouds
Valparaiso,CL,-33.04,-71.63,46.4,100,0,2.24,clear sky
Namatanai,PG,-3.67,152.43,85.57,63,53,4.05,broken clouds
Puerto Leguizamo,CO,-0.19,-74.78,71.26,97,100,1.07,overcast clouds
Jiazi,CN,22.88,116.07,77.65,67,34,15.66,scattered clouds
Ariquemes,BR,-9.91,-63.04,71.67,92,81,2.95,light rain
Longyearbyen,SJ,78.22,15.64,26.6,73,75,12.75,broken clouds
Bonnyville,CA,54.27,-110.73,23.0,62,90,4.7,overcast clouds
Krasnoselkup,RU,65.7,82.47,20.95,97,74,10.78,broken clouds
Port Said,EG,31.26,32.28,77.0,78,20,5.82,few clouds
Hwange,ZW,-18.37,26.5,75.38,23,0,0.96,clear sky
Dondo,MZ,-19.61,34.74,72.14,75,61,3.8,broken clouds
Lakes Entrance,AU,-37.88,147.98,62.01,64,19,5.99,few clouds
Whitehorse,CA,60.72,-135.05,23.0,67,90,2.24,overcast clouds
Piranshahr,IR,36.7,45.14,63.7,25,0,2.66,clear sky
Tiarei,PF,-17.53,-149.33,84.0,78,20,13.87,few clouds
Boyolangu,ID,-8.12,111.89,84.04,68,81,8.1,light rain
Ilulissat,GL,69.22,-51.1,55.4,35,100,12.75,overcast clouds
Adrar,MR,20.5,-10.07,80.6,28,0,8.72,clear sky
Mayor Pablo Lagerenza,PY,-19.93,-60.77,76.71,70,11,9.04,few clouds
College,US,64.86,-147.8,19.4,67,90,2.3,overcast clouds
Kon Tum,VN,14.35,108.0,77.72,80,99,2.01,light rain
Saint Anthony,US,45.02,-93.22,32.0,71,90,3.36,overcast clouds
Nayoro,JP,44.35,142.46,52.25,62,27,11.07,scattered clouds
Saskylakh,RU,71.92,114.08,19.33,97,96,6.2,overcast clouds
Pozo Colorado,PY,-23.49,-58.8,72.59,73,5,5.7,clear sky
Ketchikan,US,55.34,-131.65,42.8,93,90,3.36,overcast clouds
Boddam,GB,57.47,-1.78,48.2,87,90,6.93,light rain
Henties Bay,NA,-22.12,14.28,57.99,91,0,3.0,clear sky
Yarmouth,US,41.71,-70.23,53.6,93,1,1.43,clear sky
Bereda,ES,43.27,-7.54,57.0,100,100,1.99,overcast clouds
Ewa Beach,US,21.32,-158.01,82.4,69,20,10.29,few clouds
Pyay,MM,18.82,95.22,85.75,75,55,1.88,moderate rain
Vila Franca Do Campo,PT,37.72,-25.43,64.4,63,40,19.46,scattered clouds
Diffa,NE,13.32,12.61,81.16,18,0,5.77,clear sky
Caravelas,BR,-17.71,-39.25,71.91,79,91,7.16,overcast clouds
Lagoa Do Itaenga,BR,-7.94,-35.29,77.0,83,40,9.17,scattered clouds
Aleksandrovsk-Sakhalinskiy,RU,50.9,142.16,39.02,62,21,17.54,few clouds
Snina,SK,48.99,22.15,39.0,92,93,2.8,overcast clouds
Srednekolymsk,RU,67.45,153.68,23.88,98,89,2.35,overcast clouds
Kodiak,US,57.79,-152.41,41.0,86,90,5.17,overcast clouds
Klamath Falls,US,42.22,-121.78,53.6,58,1,9.17,clear sky
Wasilla,US,61.58,-149.44,33.01,92,90,3.36,overcast clouds
Fort Smith,US,35.39,-94.4,68.0,88,90,12.75,overcast clouds
Okahandja,NA,-21.98,16.92,73.4,15,0,5.82,clear sky
Kaeo,NZ,-35.1,173.78,64.0,71,51,11.27,broken clouds
Olinda,BR,-8.01,-34.86,77.0,83,40,9.17,scattered clouds
Mecca,SA,21.43,39.83,86.43,14,0,2.01,clear sky
Fortuna,US,40.6,-124.16,55.99,100,90,3.36,overcast clouds
Torres,BR,-29.34,-49.73,63.07,88,0,9.26,light rain
Urzhum,RU,57.11,50.0,40.55,83,45,13.89,scattered clouds
Buenavista,PH,8.98,125.41,81.25,80,99,3.02,light rain
Alofi,NU,-19.06,-169.92,74.68,81,100,15.05,overcast clouds
Mount Gambier,AU,-37.83,140.77,59.0,58,90,10.29,overcast clouds
Vozdvizhenka,RU,43.9,131.95,59.0,28,0,8.95,clear sky
Baherden,TM,38.44,57.43,69.04,21,0,9.51,clear sky
Kokopo,PG,-4.35,152.26,84.27,68,88,2.68,light rain
Japura,ID,-0.32,102.35,97.86,44,80,1.16,broken clouds
Xichang,CN,27.9,102.26,56.8,70,100,1.66,overcast clouds
Shingu,JP,33.73,135.98,60.8,87,75,3.36,light rain
Tautira,PF,-17.73,-149.15,84.0,78,20,13.87,few clouds
Hailun,CN,47.45,126.93,52.93,42,0,8.3,clear sky
Dorokhovo,RU,55.55,36.37,37.4,93,75,8.95,broken clouds
Okha,RU,53.57,142.95,32.32,94,100,21.65,overcast clouds
Peniche,PT,39.36,-9.38,62.01,82,25,8.99,scattered clouds
Horqueta,PY,-23.34,-57.06,69.42,79,3,5.5,clear sky
Half Moon Bay,US,37.46,-122.43,64.99,77,5,2.13,clear sky
Tura,IN,25.52,90.22,87.19,63,1,1.39,clear sky
Bardiyah,LY,31.76,25.09,72.45,86,65,8.95,broken clouds
Lalibela,ET,12.03,39.03,60.48,49,1,3.11,clear sky
Rockland,US,41.17,-74.05,48.0,92,47,3.69,scattered clouds
Avanigadda,IN,16.02,80.92,84.2,83,40,2.24,light rain
Shizunai,JP,42.33,142.37,59.67,51,3,14.09,clear sky
Sokolovskoye,RU,45.26,40.68,62.8,80,86,2.64,overcast clouds
Slave Lake,CA,55.28,-114.77,19.4,73,90,5.82,overcast clouds
Hualmay,PE,-11.1,-77.61,61.12,85,11,9.1,few clouds
Guerrero Negro,MX,27.98,-114.06,72.03,73,98,7.25,overcast clouds
Tupiza,BO,-21.45,-65.72,58.5,53,8,3.62,clear sky
Goksun,TR,38.02,36.5,60.8,67,1,4.7,clear sky
Belmonte,BR,-15.86,-38.88,71.6,88,75,5.82,broken clouds
Bouna,CI,9.27,-3.0,72.05,93,19,2.8,light rain
Shahr-E Babak,IR,30.12,55.12,59.67,19,0,2.21,clear sky
Kanniyakumari,IN,8.08,77.57,83.64,69,95,15.73,overcast clouds
Imst,AT,47.27,10.67,37.99,100,34,3.36,scattered clouds
Broome,US,42.25,-75.83,51.01,66,75,6.93,broken clouds
Nurobod,UZ,40.91,69.8,62.6,33,0,2.24,clear sky
Bubaque,GW,11.28,-15.83,81.63,88,8,13.96,clear sky
New Iberia,US,30.0,-91.82,71.6,100,1,8.05,clear sky
Carinhanha,BR,-14.3,-43.77,74.03,71,69,5.7,broken clouds
Raudeberg,NO,61.99,5.14,37.4,93,100,6.93,overcast clouds
Poli,TZ,-3.33,36.8,60.8,87,20,4.63,few clouds
Provideniya,RU,64.38,-173.3,35.6,93,20,4.47,few clouds
Raga,SS,8.46,25.68,70.79,90,5,2.66,clear sky
Doha,QA,25.29,51.53,88.0,51,0,4.7,clear sky
Paamiut,GL,61.99,-49.67,40.21,90,99,11.16,overcast clouds
Troitsko-Pechorsk,RU,62.71,56.2,31.71,99,100,7.65,overcast clouds
Lavrentiya,RU,65.58,-171.0,34.63,88,11,6.2,few clouds
Samana,DO,19.21,-69.34,76.73,86,84,5.97,broken clouds
Wanaka,NZ,-44.7,169.15,49.51,81,100,4.05,overcast clouds
Lucapa,AO,-8.42,20.74,67.35,91,3,2.44,clear sky
Qasigiannguit,GL,68.82,-51.19,55.4,35,100,12.75,overcast clouds
Urusha,RU,54.05,122.9,32.54,86,97,4.16,overcast clouds
San Patricio,US,28.02,-97.52,78.8,83,20,10.29,few clouds
Oxnard,US,34.2,-119.18,66.2,93,90,5.82,overcast clouds
Yurga,RU,55.72,84.89,34.54,83,71,14.2,broken clouds
Gao,ML,16.64,1.64,85.15,18,29,7.76,scattered clouds
Manokwari,ID,-0.87,134.08,78.51,86,100,5.91,overcast clouds
Auki,SB,-8.77,160.7,82.65,78,40,2.08,moderate rain
Certeze,RO,47.9,23.47,43.0,100,90,2.24,overcast clouds
Halifax,CA,44.65,-63.57,50.0,94,46,6.08,scattered clouds
Castlebar,IE,53.85,-9.3,55.99,93,100,10.67,overcast clouds
Nuuk,GL,64.18,-51.72,39.2,100,100,27.51,light snow
Leningradskiy,RU,69.38,178.42,24.39,88,0,7.63,clear sky
Man,CI,7.41,-7.55,70.27,95,55,0.54,broken clouds
Vestmannaeyjar,IS,63.44,-20.27,43.07,65,0,13.8,clear sky
Bestobe,KZ,52.5,73.1,42.04,58,57,14.07,broken clouds
Bucak,TR,37.46,30.59,68.0,87,40,6.93,light rain
Topolevo,RU,48.5,135.2,42.8,28,20,13.42,few clouds
Talnakh,RU,69.49,88.4,10.4,92,20,11.18,mist
Tilichiki,RU,60.47,166.1,36.43,92,89,7.49,overcast clouds
Abu Dhabi,AE,24.47,54.37,80.6,44,0,4.7,clear sky
Hobyo,SO,5.35,48.53,81.14,76,27,13.47,scattered clouds
Bandarban,BD,22.2,92.23,89.6,66,75,4.7,broken clouds
Skegness,GB,53.14,0.34,48.99,89,30,7.0,scattered clouds
Beloha,MG,-25.17,45.05,75.18,57,0,9.73,clear sky
Pescantina,IT,45.48,10.87,46.99,93,44,2.24,mist
Ankazoabo,MG,-22.28,44.52,81.75,44,28,7.56,scattered clouds
Edea,CM,3.8,10.13,73.4,100,20,3.36,thunderstorm
Snezhnogorsk,RU,69.19,33.25,14.0,92,20,2.24,few clouds
Cidreira,BR,-30.18,-50.21,66.97,81,0,19.84,clear sky
Zyryanka,RU,65.75,150.85,22.33,96,90,2.17,overcast clouds
Airai,TL,-8.93,125.41,80.31,41,60,4.94,broken clouds
Chulman,RU,56.85,124.91,23.02,89,9,7.94,clear sky
Sisimiut,GL,66.94,-53.67,39.13,85,100,47.96,light rain
Hohhot,CN,40.81,111.65,53.6,27,0,6.71,clear sky
Hay River,CA,60.82,-115.8,19.4,73,75,8.05,broken clouds
Katobu,ID,-4.94,122.53,93.69,39,44,3.98,scattered clouds
Beira,MZ,-19.84,34.84,72.14,77,71,4.88,broken clouds
Kindu,CD,-2.95,25.95,70.97,95,95,1.66,overcast clouds
Cabedelo,BR,-6.98,-34.83,73.4,88,20,8.05,few clouds
Columbia,US,34.0,-81.03,60.8,72,40,3.36,scattered clouds
High Prairie,CA,55.43,-116.49,18.54,88,0,5.01,clear sky
Salalah,OM,17.02,54.09,80.6,30,3,3.36,clear sky
Avera,US,33.19,-82.53,57.2,100,1,4.7,clear sky
San Quintin,MX,30.48,-115.95,71.33,71,89,14.05,overcast clouds
Lastoursville,GA,-0.81,12.73,71.94,95,100,1.74,light rain
Atbasar,KZ,51.8,68.33,43.38,55,37,15.14,scattered clouds
Venezuela,VE,8.0,-66.0,79.68,78,100,5.97,overcast clouds
Sura,RU,53.89,45.74,39.96,75,22,10.18,few clouds
Port Stanley,FK,-51.7,-57.85,41.0,80,33,9.17,scattered clouds
Anadyr,RU,64.75,177.48,30.2,86,99,6.71,overcast clouds
Nemuro,JP,43.32,145.57,64.4,42,75,5.82,broken clouds
Puerto Cabezas,NI,14.04,-83.39,77.47,90,84,8.48,broken clouds
Bar Harbor,US,44.39,-68.2,48.0,100,1,4.34,clear sky
Caraquet,CA,47.79,-64.94,32.0,81,1,5.73,mist
Kushiro,JP,42.98,144.37,60.8,59,40,12.75,scattered clouds
Zacualpan,MX,21.25,-105.17,82.4,88,40,4.61,scattered clouds
Plettenberg Bay,ZA,-34.05,23.37,60.04,71,100,1.05,overcast clouds
Santa Cruz Del Sur,CU,20.71,-78.0,76.55,89,100,16.28,light rain
Kandrian,PG,-6.22,149.55,82.44,74,100,5.5,overcast clouds
Luderitz,NA,-26.65,15.16,61.56,54,1,15.1,clear sky
Saint George,US,37.1,-113.58,69.8,14,1,4.7,clear sky
Chik,RU,54.99,82.43,33.8,64,67,11.18,broken clouds
Champerico,GT,14.3,-91.92,68.0,97,98,2.8,overcast clouds
Jizan,SA,17.33,42.67,80.6,74,0,2.26,clear sky
Orlik,RU,52.52,99.83,32.38,88,100,5.77,overcast clouds
Vao,NC,-22.67,167.48,71.87,79,36,15.61,scattered clouds
Awbari,LY,26.59,12.78,67.71,76,96,14.79,overcast clouds
Luleburgaz,TR,41.4,27.36,53.6,58,75,14.99,broken clouds
Flin Flon,CA,54.77,-101.86,23.18,96,38,5.95,scattered clouds
Sambava,MG,-14.27,50.17,77.79,64,12,12.24,few clouds
Nieves,PH,15.33,120.95,91.4,55,75,6.93,broken clouds
Kirakira,SB,-10.45,161.92,83.23,77,93,7.67,moderate rain
Cachira,CO,7.74,-73.05,57.67,87,100,1.43,light rain
Sablan,PH,16.49,120.5,79.97,78,12,5.21,few clouds
Kozhva,RU,65.11,57.05,29.1,97,100,5.08,overcast clouds
Dali,CN,25.7,100.18,63.43,78,98,3.0,overcast clouds
Bac Lieu,VN,9.29,105.72,85.59,69,95,4.45,overcast clouds
Aykhal,RU,66.0,111.5,15.8,92,90,6.71,light snow
Padang,ID,-0.95,100.35,87.06,56,22,5.23,few clouds
Cap Malheureux,MU,-19.98,57.61,79.0,63,1,7.0,clear sky
Skjervoy,NO,70.03,20.97,23.0,92,0,6.93,clear sky
Templemore,IE,52.79,-7.83,54.0,88,100,4.0,overcast clouds
Chaska,US,44.79,-93.6,30.99,58,20,3.36,few clouds
Nogent-Le-Rotrou,FR,48.33,1.0,41.0,93,91,4.7,mist
Marataizes,BR,-21.04,-40.82,71.01,80,100,11.05,overcast clouds
Ciro Marina,IT,39.37,17.13,62.47,67,12,13.76,few clouds
Llata,PE,-9.42,-76.78,48.78,73,100,1.95,overcast clouds
Piracuruca,BR,-3.93,-41.71,73.15,76,97,3.11,overcast clouds
Uige,AO,-7.61,15.06,67.26,96,99,1.52,overcast clouds
Oyama,JP,36.3,139.8,69.01,67,75,3.36,light rain
Talcahuano,CL,-36.72,-73.12,50.0,93,17,5.82,few clouds
Esso,RU,55.93,158.7,36.37,83,100,8.41,overcast clouds
Penne,IT,42.45,13.93,48.0,93,0,4.7,clear sky
Kyra,RU,49.58,111.98,47.79,50,50,3.98,scattered clouds
Monterey,US,36.25,-121.25,60.01,87,90,9.17,overcast clouds
Kibaya,TZ,-5.3,36.57,63.91,77,51,6.24,broken clouds
Isilkul,RU,54.91,71.27,39.43,66,100,17.34,overcast clouds
Dovhe,UA,48.37,23.28,41.68,86,83,3.27,broken clouds
Honningsvag,NO,70.98,25.97,37.4,86,75,2.24,broken clouds
Semey,KZ,50.41,80.23,33.8,74,0,4.47,clear sky
Korla,CN,41.76,86.15,62.78,27,0,2.19,clear sky
Redmond,US,47.67,-122.12,57.0,93,100,3.42,overcast clouds
Pitimbu,BR,-7.47,-34.81,73.4,88,20,8.05,few clouds
Nanortalik,GL,60.14,-45.24,38.89,90,98,2.89,overcast clouds
Port Macquarie,AU,-31.43,152.92,68.0,71,99,1.01,overcast clouds
Madona,LV,56.85,26.22,34.59,91,40,10.78,scattered clouds
Arrifes,PT,37.77,-25.7,64.4,63,40,19.46,scattered clouds
Askino,RU,56.09,56.58,49.73,79,100,16.42,overcast clouds
Le Pont-De-Claix,FR,45.12,5.71,36.0,95,19,3.62,few clouds
Hovd,MN,48.01,91.64,40.48,60,1,24.43,clear sky
Winnemucca,US,40.97,-117.74,51.8,34,1,3.36,clear sky
La Libertad,EC,-2.23,-80.9,69.66,85,92,11.39,overcast clouds
Foumban,CM,5.73,10.9,62.02,93,83,2.1,broken clouds
Mount Isa,AU,-20.73,139.5,102.2,11,55,5.82,broken clouds
Kefamenanu,ID,-9.45,124.48,92.88,27,10,13.04,clear sky
Batsfjord,NO,70.63,29.72,28.4,79,20,11.41,few clouds
Bodo,NO,67.28,14.4,26.6,79,27,6.93,scattered clouds
Kismayo,SO,-0.36,42.55,80.64,73,40,14.03,scattered clouds
Laguna,US,38.42,-121.42,72.0,59,1,4.16,clear sky
Beringovskiy,RU,63.05,179.32,35.58,81,37,5.91,scattered clouds
Orapa,BW,-21.28,25.37,79.65,22,0,3.49,clear sky
Namibe,AO,-15.2,12.15,66.63,83,0,1.86,clear sky
Tuatapere,NZ,-46.13,167.68,54.0,74,93,11.99,overcast clouds
Portland,US,45.52,-122.68,61.0,86,66,1.99,broken clouds
Sao Joao Da Barra,BR,-21.64,-41.05,71.19,78,83,13.8,broken clouds
Rurrenabaque,BO,-14.44,-67.53,72.21,93,97,2.28,overcast clouds
Kita,ML,13.03,-9.49,75.45,58,0,1.57,clear sky
Bairnsdale,AU,-37.83,147.62,62.01,64,13,5.99,few clouds
Itoman,JP,26.12,127.67,86.0,74,20,23.04,few clouds
Naryan-Mar,RU,67.67,53.09,27.68,96,64,3.91,broken clouds
Aryiropoulion,GR,39.83,22.3,55.99,54,20,5.82,few clouds
Sindou,BF,10.67,-5.17,72.97,87,63,3.53,broken clouds
Tambovka,RU,50.1,128.05,44.6,30,20,2.24,few clouds
Maraa,BR,-1.83,-65.37,72.95,96,81,0.43,broken clouds
Porto Torres,IT,40.84,8.4,48.99,100,0,3.36,fog
Turukhansk,RU,65.82,87.98,14.88,96,100,10.89,overcast clouds
Chabahar,IR,25.29,60.64,77.0,22,20,6.93,few clouds
Salinopolis,BR,-0.61,-47.36,78.42,83,29,9.75,scattered clouds
Chegutu,ZW,-18.13,30.14,69.28,33,28,3.51,scattered clouds
Tutoia,BR,-2.76,-42.27,79.81,80,34,15.97,scattered clouds
Tibati,CM,6.47,12.63,63.52,91,28,1.5,scattered clouds
Teknaf,BD,20.86,92.31,86.16,68,99,5.95,overcast clouds
Nurota,UZ,40.56,65.69,55.4,21,0,2.24,clear sky
Beirut,LB,33.89,35.49,71.6,37,0,5.82,clear sky
Varhaug,NO,58.61,5.65,37.4,86,75,4.7,light rain
Jasper,US,37.2,-94.35,42.01,89,100,3.0,overcast clouds
Antofagasta,CL,-23.65,-70.4,57.2,87,90,3.36,light intensity drizzle
Lahaina,US,20.88,-156.68,84.2,62,1,5.82,clear sky
Kapit,MY,2.02,112.93,86.18,73,36,3.42,scattered clouds
Port Lavaca,US,28.61,-96.63,80.01,83,1,6.93,clear sky
Asyut,EG,27.18,31.18,66.2,72,0,11.41,clear sky
Blagoyevo,RU,63.37,47.92,30.78,97,96,6.55,overcast clouds
Banff,CA,51.18,-115.57,17.01,91,100,7.0,overcast clouds
Daura,NG,11.55,11.41,75.16,59,0,4.0,clear sky
Narrabri,AU,-30.32,149.78,75.2,41,15,8.05,few clouds
Sao Francisco,BR,-15.95,-44.86,73.33,68,100,4.72,moderate rain
Pascagoula,US,30.37,-88.56,64.99,88,1,7.61,mist
Ust-Maya,RU,60.42,134.53,20.79,90,95,5.77,overcast clouds
Sobolevo,RU,54.43,31.9,33.89,93,35,9.78,scattered clouds
Kendari,ID,-3.94,122.5,87.57,50,78,6.93,broken clouds
El Roble,CO,9.1,-75.2,75.63,90,100,5.44,overcast clouds
Ambon,ID,-3.7,128.18,89.6,55,20,6.93,few clouds
Zaysan,KZ,47.47,84.87,44.49,43,24,12.91,few clouds
Waipawa,NZ,-41.41,175.52,60.8,93,97,31.09,heavy intensity rain
Kirkland Lake,CA,48.14,-80.04,33.8,99,20,2.24,few clouds
Abha,SA,18.22,42.51,55.4,32,0,6.93,clear sky
Baturaja,ID,-4.13,104.17,91.09,51,75,4.21,light rain
Chima,IN,30.69,76.09,82.4,51,0,5.46,haze
Campbell River,CA,50.02,-125.24,48.2,100,90,3.36,fog
Vani,GE,42.08,42.52,57.2,87,40,4.7,scattered clouds
Havelock,US,34.88,-76.9,63.0,95,51,7.07,broken clouds
Andenes,NO,69.31,16.12,30.2,86,2,4.7,clear sky
Palembang,ID,-2.92,104.75,87.8,70,40,5.82,scattered clouds
Benghazi,LY,32.12,20.07,71.78,74,100,17.13,overcast clouds
Rivadavia,AR,-33.19,-68.46,77.0,27,0,9.17,clear sky
Messina,IT,38.19,15.55,63.0,67,20,4.7,few clouds
Fallon,US,39.47,-118.78,61.0,26,1,3.36,clear sky
Rudnogorsk,RU,57.26,103.75,31.44,91,99,13.04,overcast clouds
Marsh Harbour,BS,26.54,-77.06,81.3,76,97,19.35,overcast clouds
Kalmunai,LK,7.42,81.82,87.37,55,91,3.91,overcast clouds
Rundu,NA,-17.93,19.77,66.88,24,0,4.61,clear sky
Lubao,PH,14.92,120.55,91.4,55,75,6.93,broken clouds
Mazagao,BR,-0.12,-51.29,80.6,88,40,3.36,scattered clouds
Morros,BR,-9.45,-46.3,80.87,39,90,3.98,overcast clouds
Portales,US,34.19,-103.33,41.0,80,1,12.75,clear sky
Carutapera,BR,-1.2,-46.02,77.04,84,27,5.93,scattered clouds
Lajas,PR,18.05,-67.06,77.0,74,34,1.99,scattered clouds
Boa Vista,BR,2.82,-60.67,82.4,65,41,6.93,scattered clouds
Viedma,AR,-40.81,-63.0,62.01,20,0,8.01,clear sky
Olafsvik,IS,64.89,-23.71,41.09,75,17,28.83,few clouds
Sholokhove,UA,47.69,34.03,49.05,68,14,6.76,few clouds
Buala,SB,-8.14,159.59,84.78,70,43,4.54,light rain
Taoudenni,ML,22.68,-3.98,74.91,19,0,4.18,clear sky
Chama,CH,47.18,8.46,41.0,100,27,1.97,scattered clouds
Huzhou,CN,30.87,120.09,73.0,63,92,1.19,overcast clouds
Tarko-Sale,RU,64.92,77.78,25.9,96,57,14.09,broken clouds
Trinidad,BO,-14.83,-64.9,79.88,53,8,3.31,clear sky
Margate,GB,51.38,1.39,51.01,66,100,12.5,overcast clouds
Waingapu,ID,-9.66,120.26,87.98,59,9,13.91,moderate rain
Trairi,BR,-3.28,-39.27,80.11,77,87,14.99,light rain
Liuhe,CN,42.24,125.72,61.41,34,0,11.7,clear sky
Tongliao,CN,43.61,122.27,65.32,26,0,10.47,clear sky
Yulara,AU,-25.24,130.99,75.2,64,75,14.99,broken clouds
Albacete,ES,38.83,-2.0,51.01,48,1,3.0,clear sky
Bozova,TR,37.36,38.53,64.4,36,5,1.5,clear sky
Ushtobe,KZ,45.25,77.98,57.54,36,0,10.94,clear sky
Parnarama,BR,-5.68,-43.09,79.45,63,98,5.1,overcast clouds
Tecoanapa,MX,16.52,-98.75,80.96,79,98,6.17,overcast clouds
La Asuncion,VE,11.03,-63.86,80.22,85,5,8.23,clear sky
Jiangyou,CN,31.77,104.72,65.25,65,95,5.86,overcast clouds
Pine Bluff,US,34.23,-92.0,71.01,77,75,8.05,broken clouds
Hami,CN,42.8,93.45,61.27,27,30,6.58,scattered clouds
Roald,NO,62.58,6.13,37.4,86,96,5.82,light rain
Termiz,UZ,37.22,67.28,57.2,47,0,4.7,clear sky
Khash,IR,28.22,61.22,64.94,22,0,8.21,clear sky
Lasa,IT,46.62,10.7,37.99,72,36,3.36,scattered clouds
Shimoda,JP,34.67,138.95,64.4,59,75,18.34,light rain
Linhai,CN,28.85,121.12,64.11,74,99,3.85,overcast clouds
Dese,ET,11.13,39.63,55.17,68,0,1.16,clear sky
Taltal,CL,-25.4,-70.48,56.44,75,40,1.99,scattered clouds
Shiyan,CN,32.65,110.78,66.99,19,50,4.0,light rain
Tokmak,UA,47.25,35.71,54.88,62,100,9.15,overcast clouds
Sola,VU,-13.88,167.55,82.4,83,90,19.37,overcast clouds
Hays,US,30.05,-98.03,75.99,86,0,1.01,clear sky
Severo-Yeniseyskiy,RU,60.37,93.04,23.47,93,100,15.9,light snow
Lumphat,KH,13.49,106.98,79.68,90,100,2.42,overcast clouds
Bath,GB,51.38,-2.36,48.0,89,97,5.82,overcast clouds
Arinos,BR,-15.92,-46.11,72.46,82,100,4.05,light rain
Nador,MA,35.17,-2.93,68.0,82,75,4.7,broken clouds
Atar,MR,20.52,-13.05,83.28,30,13,8.08,few clouds
Nome,US,64.5,-165.41,39.2,93,90,13.87,overcast clouds
Mbigou,GA,-1.9,11.91,69.57,98,100,2.17,overcast clouds
Sabha,LY,27.04,14.43,68.04,77,61,4.63,broken clouds
Limbazi,LV,57.51,24.72,35.01,95,90,8.01,light rain
Kongoussi,BF,13.33,-1.53,82.89,46,22,7.36,few clouds
Manicore,BR,-5.81,-61.3,74.12,96,100,1.48,heavy intensity rain
Ayna,PE,-12.65,-73.92,59.63,78,70,0.94,broken clouds
Port-Gentil,GA,-0.72,8.78,78.12,88,99,15.43,moderate rain
Muisne,EC,0.6,-80.03,73.81,88,100,13.8,overcast clouds
Pangnirtung,CA,66.15,-65.71,32.77,94,100,16.6,overcast clouds
Lodja,CD,-3.48,23.43,70.97,96,88,2.15,overcast clouds
Suleja,NG,9.18,7.18,73.4,94,27,3.36,scattered clouds
Chateauroux,FR,46.82,1.7,39.2,93,88,6.93,overcast clouds
Brae,GB,60.4,-1.35,44.6,87,100,16.11,light rain
San Ramon,US,37.78,-121.98,69.01,63,1,3.31,clear sky
Itupiranga,BR,-5.13,-49.33,78.8,94,37,3.36,scattered clouds
Aksay,RU,47.26,39.87,51.8,66,99,6.71,overcast clouds
Lazaro Cardenas,MX,17.96,-102.2,79.21,88,100,3.29,overcast clouds
Verkhoyansk,RU,67.54,133.38,17.26,94,99,6.22,overcast clouds
Miles City,US,46.41,-105.84,26.6,86,90,9.17,mist
Haapiti,PF,-17.57,-149.87,84.0,78,20,13.87,few clouds
Rio Verde De Mato Grosso,BR,-18.92,-54.84,73.38,81,100,8.55,overcast clouds
Chunhuhub,MX,19.55,-88.68,72.19,99,3,2.28,clear sky
Rheinau,DE,48.87,8.2,48.0,93,40,4.7,scattered clouds
Sumenep,ID,-7.02,113.87,84.61,57,100,2.3,overcast clouds
Yaizu,JP,34.87,138.33,59.0,87,90,5.82,light rain
Minudasht,IR,37.23,55.37,60.8,48,0,1.32,clear sky
Qaqortoq,GL,60.72,-46.03,41.0,80,100,6.93,light intensity shower rain
Gwadar,PK,25.12,62.33,82.47,24,2,15.82,clear sky
Patacamaya,BO,-17.23,-67.92,45.01,73,71,2.15,broken clouds
Nha Trang,VN,12.25,109.18,87.8,79,40,5.82,scattered clouds
Deputatskiy,RU,69.3,139.9,11.34,95,100,6.51,overcast clouds
Natal,BR,-5.79,-35.21,75.2,83,40,5.82,scattered clouds
Koulikoro,ML,14.0,-7.75,77.41,26,28,5.66,scattered clouds
Necochea,AR,-38.55,-58.74,57.0,83,86,4.0,overcast clouds
Mangan,IN,27.52,88.53,82.78,37,56,5.88,light rain
Attock,PK,33.77,72.36,73.4,40,0,6.93,haze
Rock Sound,BS,24.9,-76.2,81.57,77,100,22.88,overcast clouds
Hereford,GB,52.06,-2.71,45.0,96,97,5.79,overcast clouds
Muravlenko,RU,63.79,74.52,26.35,97,45,11.48,scattered clouds
Casablanca,MA,33.59,-7.62,60.8,67,86,3.36,overcast clouds
Zhezkazgan,KZ,47.8,67.71,49.78,47,0,8.03,clear sky
Ovre Ardal,NO,61.32,7.8,30.2,86,40,10.29,scattered clouds
Kavaratti,IN,10.57,72.64,84.2,74,20,5.82,few clouds
Menongue,AO,-14.66,17.69,65.46,28,0,2.59,clear sky
Yumen,CN,40.28,97.2,57.87,28,100,27.6,overcast clouds
Cherskiy,RU,68.75,161.3,21.04,94,82,7.11,broken clouds
Wonthaggi,AU,-38.6,145.59,61.0,75,51,8.84,broken clouds
Aitape,PG,-3.14,142.35,84.9,71,100,6.31,light rain
Tefe,BR,-3.35,-64.71,72.91,97,79,1.7,moderate rain
Mayo,US,38.89,-76.51,60.8,82,1,5.82,clear sky
Bitung,ID,1.45,125.18,91.4,46,40,10.29,scattered clouds
El Alto,PE,-4.27,-81.21,63.39,87,58,14.74,broken clouds
Endicott,US,42.1,-76.05,54.0,66,75,6.93,broken clouds
Mattru,SL,7.62,-11.83,73.24,98,100,1.25,overcast clouds
Vangaindrano,MG,-23.35,47.6,72.36,80,96,6.06,overcast clouds
Charters Towers,AU,-20.1,146.27,94.57,16,0,7.4,clear sky
Svetlaya,RU,46.54,138.33,48.27,46,58,5.84,broken clouds
Egvekinot,RU,66.32,-179.17,24.13,87,0,0.78,clear sky
Komsomolskiy,UZ,40.43,71.72,62.6,33,0,4.7,clear sky
Genhe,CN,50.78,121.52,45.34,58,56,7.67,broken clouds
Zhigalovo,RU,54.81,105.16,34.41,86,100,10.85,overcast clouds
Novyy Urengoy,RU,66.08,76.63,23.34,95,11,10.13,few clouds
Umuarama,BR,-23.77,-53.33,70.25,75,13,7.76,few clouds
Kiunga,PG,-6.12,141.29,88.5,64,100,2.17,light rain
Port Lincoln,AU,-34.73,135.87,59.85,59,2,9.62,clear sky
Solenzo,BF,12.18,-4.08,78.69,65,49,2.98,scattered clouds
Svetlyy,RU,54.67,20.13,48.0,80,51,11.18,broken clouds
Karratha,AU,-20.74,116.85,86.77,31,0,18.21,clear sky
Zhigansk,RU,66.77,123.37,12.58,91,56,7.23,broken clouds
Petropavlovsk-Kamchatskiy,RU,53.05,158.65,53.6,54,40,8.95,scattered clouds
Yurimaguas,PE,-5.9,-76.08,75.34,75,24,1.16,few clouds
Mizdah,LY,31.45,12.98,52.11,80,0,4.38,clear sky
Khandyga,RU,62.67,135.6,19.15,92,100,2.8,overcast clouds
Damietta,EG,31.42,31.81,77.0,78,20,5.82,few clouds
Makinsk,KZ,52.63,70.42,40.44,60,75,17.22,broken clouds
Los Llanos De Aridane,ES,28.66,-17.92,73.4,88,80,9.17,broken clouds
Amapa,BR,1.0,-52.0,71.29,95,45,2.04,scattered clouds
Myitkyina,MM,25.38,97.4,81.1,69,92,4.54,overcast clouds
Zhob,PK,31.34,69.45,68.65,17,0,3.58,clear sky
Acari,PE,-15.43,-74.62,61.27,70,37,1.48,scattered clouds
Almaznyy,RU,48.04,40.05,51.8,66,100,6.71,overcast clouds
Maxixe,MZ,-23.86,35.35,74.08,66,0,6.08,clear sky
Cumpas,MX,29.98,-109.78,70.72,23,26,3.18,scattered clouds
San Cristobal,VE,7.77,-72.22,66.13,81,93,2.28,overcast clouds
Kikwit,CD,-5.04,18.82,72.25,93,100,1.41,overcast clouds
Tucupita,VE,9.06,-62.05,73.31,92,0,2.55,clear sky
Parabel,RU,58.7,81.48,33.46,86,97,12.12,overcast clouds
Jeremie,HT,18.65,-74.12,79.11,75,94,3.51,heavy intensity rain
Hudiksvall,SE,61.73,17.1,32.74,87,76,14.29,broken clouds
Yar-Sale,RU,66.83,70.83,22.28,96,0,7.74,clear sky
Mansfield,GB,53.13,-1.2,46.99,93,63,7.45,broken clouds
Nhamunda,BR,-2.19,-56.71,78.19,62,68,1.9,broken clouds
Sur,OM,22.57,59.53,85.98,35,17,20.24,few clouds
Paraiso,CR,9.84,-83.87,68.0,100,20,3.36,few clouds
Sao Jose Dos Pinhais,BR,-25.53,-49.21,59.0,87,90,2.24,overcast clouds
Koslan,RU,63.46,48.9,30.49,97,99,7.74,overcast clouds
